N.,DESCRIPCION,Precio + IVA,,,,,,,,,,,,,,,,,,,,,,
1,"TENAZA M/ TOLSEN P/ ELECTRICISTA D/ 6"" ",10000,73.47,,,,,,,,,,,,,,,,,,,,,,
2,"TENAZA M/ TOLSEN P/ ELECTRICISTA D/ 7"" ",10001,86.01,,,,,,,,,,,,,,,,,,,,,,
3,"TENAZA M/ TOLSEN P/ ELECTRICISTA D/ 8"" ",10002,93.18,,,,,,,,,,,,,,,,,,,,,,
4,"CORTADORA M/ TOLSEN DIAGONAL D/ 6"" ",10003,72.87,,,,,,,,,,,,,,,,,,,,,,
5,"TENAZA M/ TOLSEN T/ AJUSTABLE T/ INDUSTRIAL D/ 250MM - 10"" ",10029,135.00,,,,,,,,,,,,,,,,,,,,,,
6,"TENAZA M/ TOLSEN T/ PERRA T/ INDUSTRIAL D/ 10"" T/ RECTA ",10048,148.73,,,,,,,,,,,,,,,,,,,,,,
7,"TENAZA M/ TOLSEN T/ PERRA P/ SOLDADOR D/ 11"" ",10056,222.80,,,,,,,,,,,,,,,,,,,,,,
8,"TENAZA M/ TOLSEN P/ ANILLOS D/ SEGURIDAD T/ RECTA - INTERNA D/ 180MM - 7"" ",10077,72.87,,,,,,,,,,,,,,,,,,,,,,
9,"TENAZA M/ TOLSEN P/ ANILLOS D/ SEGURIDAD T/ CURVA - EXTERNA D/ 180MM - 7"" ",10092,72.87,,,,,,,,,,,,,,,,,,,,,,
10,"PRENSA M/ TOLSEN D/ BANCO GIRATORIA D/ 4"" ",10103,734.11,,,,,,,,,,,,,,,,,,,,,,
11,"PRENSA M/ TOLSEN D/ BANCO GIRATORIA D/ 6"" ",10105,"1,357.72",,,,,,,,,,,,,,,,,,,,,,
12,"PRENSA M/ TOLSEN T/ SARGENTO D/ 3"" ",10112,73.47,,,,,,,,,,,,,,,,,,,,,,
13,"PRENSA M/ TOLSEN P/ MADERA T/ PISTOLA D/ 12"" ",10204,100.95,,,,,,,,,,,,,,,,,,,,,,
14,"PRENSA M/ TOLSEN P/ MADERA T/ PISTOLA D/ 18"" ",10206,124.24,,,,,,,,,,,,,,,,,,,,,,
15,"PRENSA M/ TOLSEN P/ MADERA T/ PISTOLA D/ 24"" ",10207,145.15,,,,,,,,,,,,,,,,,,,,,,
16,"LLAVE M/ TOLSEN P/ TUBERIA D/ 14"" ",10234,172.63,,,,,,,,,,,,,,,,,,,,,,
17,"LLAVE M/ TOLSEN P/ TUBERIA D/ 18"" ",10235,236.54,,,,,,,,,,,,,,,,,,,,,,
18,"LLAVE M/ TOLSEN P/ TUBERIA D/ 24"" ",10236,341.07,,,,,,,,,,,,,,,,,,,,,,
19,"LLAVE M/ TOLSEN P/ TUBERIA D/ 36"" ",10237,625.40,,,,,,,,,,,,,,,,,,,,,,
20,LLAVE MIXTA M/ TOLSEN # 10MM ",15018,25.68,,,,,,,,,,,,,,,,,,,,,,
21,LLAVE MIXTA M/ TOLSEN # 11MM ",15019,27.48,,,,,,,,,,,,,,,,,,,,,,
22,LLAVE MIXTA M/ TOLSEN # 12MM ",15020,28.67,,,,,,,,,,,,,,,,,,,,,,
23,LLAVE MIXTA M/ TOLSEN # 17MM ",15025,40.02,,,,,,,,,,,,,,,,,,,,,,
24,LLAVE M/ TOLSEN T/ DOBLE CORONA # 8MM - 9MM ",15064,26.28,,,,,,,,,,,,,,,,,,,,,,
25,LLAVE M/ TOLSEN T/ DOBLE CORONA # 10MM - 11MM ",15065,28.67,,,,,,,,,,,,,,,,,,,,,,
26,LLAVE M/ TOLSEN T/ DOBLE CORONA # 12MM - 13MM ",15066,32.26,,,,,,,,,,,,,,,,,,,,,,
27,LLAVE M/ TOLSEN T/ DOBLE CORONA # 14MM - 15MM ",15067,41.22,,,,,,,,,,,,,,,,,,,,,,
28,"MANERAL M/ TOLSEN T/ CORREDIZO INDUSTRIAL D/ 1/2"" ",15131",103.34,,,,,,,,,,,,,,,,,,,,,,
29,"NUDO UNIVERSAL M/ TOLSEN D/ 3/8"" X 56MM ",15133",38.83,,,,,,,,,,,,,,,,,,,,,,
30,"JUEGO D/ CUBOS M/ TOLSEN C/ MANERAL 1/2"" D/ 22 PCS ",15139,953.93,,,,,,,,,,,,,,,,,,,,,,
31,"JUEGO D/ CUBOS M/ TOLSEN C/ MANERAL 1/4"" D/ 14 PCS ",15150,274.77,,,,,,,,,,,,,,,,,,,,,,
32,"JUEGO D/ CUBOS M/ TOLSEN C/ MANERAL 3/8"" D/ 12 PCS ",15151,379.90,,,,,,,,,,,,,,,,,,,,,,
33,"JUEGO D/ CUBOS M/ TOLSEN C/ MANERAL 1/2"" D/ 12 PCS ",15152,514.30,,,,,,,,,,,,,,,,,,,,,,
34,"JUEGO D/ CUBOS M/ TOLSEN C/ MANERAL 1/2"" D/ 22 PCS ",15139,314.19,,,,,,,,,,,,,,,,,,,,,,
35,LLAVE MIXTA M/ TOLSEN C/ RATCH # 12MM ",15208,80.04,,,,,,,,,,,,,,,,,,,,,,
36,"JUEGO D/ PUNTAS M/ TOLSEN C/ MANERL D/ 1/4"" - 3/8"" - 1/2"" D/ 65 PCS ",15395","1,307.54",,,,,,,,,,,,,,,,,,,,,,
37,"CUBO M/ TOLSEN P/ CANDELA T/ INDUSTRIAL D/ 1/2"" X 13/16"" ",15504,43.01,,,,,,,,,,,,,,,,,,,,,,
38,"CUBO M/ TOLSEN T/ INDUSTRIAL D/ 3/8"" X 10MM ",16310,15.17,,,,,,,,,,,,,,,,,,,,,,
39,"CUBO M/ TOLSEN T/ INDUSTRIAL D/ 1/2"" X 22MM ",16522,30.64,,,,,,,,,,,,,,,,,,,,,,
40,"CUBO M/ TOLSEN T/ INDUSTRIAL D/ 1/2"" X 24MM ",16524",32.73,,,,,,,,,,,,,,,,,,,,,,
41,"CUBO M/ TOLSEN T/ INDUSTRIAL LARGO D/ 1/2"" X 10MM ",16560,40.08,,,,,,,,,,,,,,,,,,,,,,
42,"CUBO M/ TOLSEN T/ INDUSTRIAL LARGO D/ 1/2"" X 19MM ",16569,43.60,,,,,,,,,,,,,,,,,,,,,,
43,JUEGO D/ DESARMADOES M/ TOLSEN D/ 4 PCS  ",20015,96.17,,,,,,,,,,,,,,,,,,,,,,
44,JUEGO D/ PUNTAS M/ TOLSEN C/ MANERL D/ 26PCS ",20034,140.97,,,,,,,,,,,,,,,,,,,,,,
45,JUEGO D/ CUBOS-PUNTAS M/ TOLSEN D/ 41 PCS ",20036,266.41,,,,,,,,,,,,,,,,,,,,,,
46,JUEGO D/ CUBOS-PUNTAS M/ TOLSEN D/ 42 PCS ",20041,276.56,,,,,,,,,,,,,,,,,,,,,,
47,JUEGO D/ LLAVE HEXAGONAL M/ TOLSEN T/ EXTRA-LARGOS D/ 9 PCS ",20049,112.30,,,,,,,,,,,,,,,,,,,,,,
48,JUEGO D/ LLAVE HEXAGONAL M/ TOLSEN D/ 10 PCS ",20051,42.41,,,,,,,,,,,,,,,,,,,,,,
49,JUEGO D/ LLAVE TORX T/ T - DESARMADORES D/ 8 PCS ",20061,239.53,,,,,,,,,,,,,,,,,,,,,,
50,"DESARMADOR M/ TOLSEN T/ PHILIPS D/ GOLPE D/ PH2 X 150 MM ( 6"" ) ",20125,44.20,,,,,,,,,,,,,,,,,,,,,,
51,"DESARMADOR M/ TOLSEN T/ PHILIPS D/ GOLPE D/ PH3 X 150 MM ( 6"" ) ",20127,54.95,,,,,,,,,,,,,,,,,,,,,,
52,JUEGO D/ DESARMADORES M/ TOLSEN D/ 2 PCS PH2 X 38MM - 6.5 X 38MM ",20181,35.84,,,,,,,,,,,,,,,,,,,,,,
53,"PUNTAS M/ TOLSEN T/ PHILIPS D/ PH2 X 25MM ( 1"" ) D/ 5 PCS ",20271,19.29,,,,,,,,,,,,,,,,,,,,,,
54,"PUNTAS M/ TOLSEN T/ PHILIPS D/ PH2 X 50MM ( 2"" ) ",20313,15.35,,,,,,,,,,,,,,,,,,,,,,
55,"PUNTAS M/ TOLSEN T/ PHILIPS D/ PH3 X 50MM ( 2"" ) ",20314,15.35,,,,,,,,,,,,,,,,,,,,,,
56,JUEGO D/ PUNTAS M/ TOLSEN P/ ATORNILLAR D/ 40 PCS ",20385,395.43,,,,,,,,,,,,,,,,,,,,,,
57,MARTILLO M/ TOLSEN D/ HULE T/ INDISTRIAL D/ 8 OZ - 225 G ",25033,61.52,,,,,,,,,,,,,,,,,,,,,,
58,MARTILLO M/ TOLSEN D/ HULE T/ INDISTRIAL D/ 16 OZ - 450 G ",25035,78.85,,,,,,,,,,,,,,,,,,,,,,
59,MARTILLO M/ TOLSEN P/ CARPINTERO M/ MADERA D/ 29MM 16OZ 450G ",25150,113.49,,,,,,,,,,,,,,,,,,,,,,
60,MARTILLO M/ TOLSEN D/ HULE T/ INDISTRIAL D/ 8 OZ - 225 G ",25173,75.86,,,,,,,,,,,,,,,,,,,,,,
61,"JUEGO D/ FORMONES M/ TOLSEN D/ 4PCS  6MM(1/4"") -13MM(1/2"") - 19MM(3/4"") - 25MM(1"") ",25384,273.57,,,,,,,,,,,,,,,,,,,,,,
62,CUTER M/ TOLSEN D/ 18 X 100 MM ",30000,8.96,,,,,,,,,,,,,,,,,,,,,,
63,CUTER M/ TOLSEN D/ 18 X 100 MM ",30001,19.11,,,,,,,,,,,,,,,,,,,,,,
64,RASPADOR M/ TOLSEN D/ 100 X 18.5 X 0.4 MM ",30006,28.07,,,,,,,,,,,,,,,,,,,,,,
65,"TIJERA M/ TOLSEN P/ LAMINA L/ DERECHO D/ 10"" - 250 MM ",30022,129.02,,,,,,,,,,,,,,,,,,,,,,
66,TENAZA MULTIUSO M/ TOLSEN ",30046,219.81,,,,,,,,,,,,,,,,,,,,,,
67,"SERRUCHO M/ TOLSEN P/ MADERA D/ 14"" - 350MM ",31016,123.65,,,,,,,,,,,,,,,,,,,,,,
68,"TIJERA M/ TOLSEN P/ PODAR D/ 8"" ",31018,99.16,,,,,,,,,,,,,,,,,,,,,,
69,"TIJERA M/ TOLSEN P/ PODAR M/ AMARILLA D/ 8"" ",31022,155.90,,,,,,,,,,,,,,,,,,,,,,
70,"SERRUCHO M/ TOLSEN D/ 14"" - 400MM ",31070,91.99,,,,,,,,,,,,,,,,,,,,,,
71,"SERRUCHO M/ TOLSEN D/ 18"" - 450MM ",31071,102.14,,,,,,,,,,,,,,,,,,,,,,
72,"SERRUCHO M/ TOLSEN D/ 20"" - 500MM ",31072,112.89,,,,,,,,,,,,,,,,,,,,,,
73,"SERRUCHO M/ TOLSEN D/ 22"" - 550MM ",31073,123.65,,,,,,,,,,,,,,,,,,,,,,
74,"LIMA M/ TOLSEN C/ MANGO T/ PLANA P/ HIERRO D/ 8"" ",32001,60.33,,,,,,,,,,,,,,,,,,,,,,
75,"LIMA M/ TOLSEN C/ MANGO T/ MEDIA CAÑA P/ HIERRO D/ 8"" ",32005,67.50,,,,,,,,,,,,,,,,,,,,,,
76,"LIMA M/ TOLSEN C/ MANGO T/ REDONDA P/ HIERRO D/ 8"" ",32009,53.16,,,,,,,,,,,,,,,,,,,,,,
77,"LIMA M/ TOLSEN C/ MANGO T/ TRIANGULAR P/ HIERRO D/ 8"" ",32013,58.54,,,,,,,,,,,,,,,,,,,,,,
78,"LIMA M/ TOLSEN C/ MANGO T/ CUADRADA P/ HIERRO D/ 8"" ",32017,55.55,,,,,,,,,,,,,,,,,,,,,,
79,"LIMA M/ TOLSEN C/ MANGO T/ MEDIA CAÑA P/ HIERRO D/ 8"" ",32005,63.32,,,,,,,,,,,,,,,,,,,,,,
80,"LIMA M/ TOLSEN C/ MANGO T/ REDONDA P/ MADERA D/ 8"" ",32029,50.18,,,,,,,,,,,,,,,,,,,,,,
81,PIEDRA P/ AFILAR M/ TOLSEN D/ 150 X 50 X 25 MM ",32047,17.32,,,,,,,,,,,,,,,,,,,,,,
82,"EXTRACTOR D/ TORNILLOS M/ TOLSEN #1, 2, 3, 4, 5 ",33505,94.38,,,,,,,,,,,,,,,,,,,,,,
83,CINTA METRICA M/ TOLSEN D/ 8MTS - 26 PIES ",35005,101.54,,,,,,,,,,,,,,,,,,,,,,
84,"NIVEL M/ TOLSEN D/ ALUMINIO D/ 16"" ",35064,80.64,,,,,,,,,,,,,,,,,,,,,,
85,"NIVEL M/ TOLSEN D/ ALUMINIO D/ 24"" ",35066,97.36,,,,,,,,,,,,,,,,,,,,,,
86,"ESCUADRA M TOLSEN D/ 10"" - 250MM ",35080,53.76,,,,,,,,,,,,,,,,,,,,,,
87,EXTENSION M/ TOLSEN P/ NIVEL LASER D/ 3.85 MTS ",35168,"1,434.17",,,,,,,,,,,,,,,,,,,,,,
88,CINTA METRICA M/ TOLSEN D/ 3MTS - 10 PIES ",36002,48.98,,,,,,,,,,,,,,,,,,,,,,
89,CINTA METRICA M/ TOLSEN D/ 8MTS - 26 PIES ",36005,120.06,,,,,,,,,,,,,,,,,,,,,,
90,CINTA METRICA M/ TOLSEN D/ 10MTS X 33 PIES ",36006,145.75,,,,,,,,,,,,,,,,,,,,,,
91,TAPE ELECTRICO M/ TOLSEN C/ ROJO D/ 30PIES ",38025,8.36,,,,,,,,,,,,,,,,,,,,,,
92,"ESPATULA M/ TOLSEN M/ PLASTICO D/ 3"" 80MM ",40015,29.27,,,,,,,,,,,,,,,,,,,,,,
93,"ESPATULA M/ TOLSEN M/ MADERA D/ 2"" - 50MM ",40002,19.71,,,,,,,,,,,,,,,,,,,,,,
94,"ESPATULA M/ TOLSEN M/ MADERA D/ 3"" - 80MM ",40004",20.91,,,,,,,,,,,,,,,,,,,,,,
95,"ESPATULA M/ TOLSEN M/ MADERA D/ 4"" - 100MM ",40005,22.70,,,,,,,,,,,,,,,,,,,,,,
96,"CUCHARA M/ TOLSEN P/ ALBAÑIL M/ MADERA D/ 6"" - 160MM ",41000,34.64,,,,,,,,,,,,,,,,,,,,,,
97,"CUCHARA M/ TOLSEN P/ ALBAÑIL M/ MADERA D/ 7"" - 180MM ",41001,44.80,,,,,,,,,,,,,,,,,,,,,,
98,"CUCHARA M/ TOLSEN P/ ALBAÑIL M/ MADERA D/ 8"" - 200MM ",41002,49.58,,,,,,,,,,,,,,,,,,,,,,
99,"CUCHARA M/ TOLSEN P/ ALBAÑIL M/ MADERA D/ 5"" - 130MM ",41008,31.66,,,,,,,,,,,,,,,,,,,,,,
100,PLANA M/ TOLSEN M/ MADERA D/ 280 X 120MM ",41012,78.25,,,,,,,,,,,,,,,,,,,,,,
101,PLANA M/ TOLSEN M/ PLASTICO C/ ESPONJA C/ NEGRO D/ 230 X 100 X 10MM ",41019,55.55,,,,,,,,,,,,,,,,,,,,,,
102,CORTADOR M/ TOLSEN P/ AZULEJOS T/ INDUSTRIAL D/ 600MM ",41032,705.44,,,,,,,,,,,,,,,,,,,,,,
103,"CUCHARA M/ TOLSEN M/ PLASTICO D/ 5"" ",41050,34.64,,,,,,,,,,,,,,,,,,,,,,
104,"REMACHE M/ TOLSEN D/ ALUMINIO D/ 4MM X 10MM ( 5/32"" X 3/8"" ) D/ 50 PCS ",43009,13.74,,,,,,,,,,,,,,,,,,,,,,
105,PORTA ELECTRODO M/ TOLSEN C/ NEGRO D/ 300A ,44930,173.22,,,,,,,,,,,,,,,,,,,,,,
106,PORTA ELECTRODO M/ TOLSEN C/ NEGRO D/ 500A ,44931,191.74,,,,,,,,,,,,,,,,,,,,,,
107,PORTA ELECTRODO M/ TOLSEN C/ BLANCO - NEGRO D/ 500A ,44933,163.07,,,,,,,,,,,,,,,,,,,,,,
108,TENAZA POLO A TIERRA M/ TOLSEN P/ SOLDAR D/ 300A ,44940,48.98,,,,,,,,,,,,,,,,,,,,,,
109,TENAZA POLO A TIERRA M/ TOLSEN P/ SOLDAR D/ 500A ,44941,70.48,,,,,,,,,,,,,,,,,,,,,,
110,MARTILLO M/ TOLSEN P/ SOLDADOR P/ QUITAR ESCORIA - CARBON D/ 300G ,44945,57.94,,,,,,,,,,,,,,,,,,,,,,
111,GUANTES M/ TOLSEN P/ JARDIN D/ POLISTER - ALGODON T/ 10 ( XL ) ,45006,133.80,,,,,,,,,,,,,,,,,,,,,,
112,GUANTES M/ TOLSEN P/ TRABAJO D/ POLISTER T/ 10 ( XL ) ,45010,267.00,,,,,,,,,,,,,,,,,,,,,,
113,GUANTES M/ TOLSEN P/ SOLDAR D/ CUERO C/ AMARILLO - NEGRO T/ 14 ,45026,135.00,,,,,,,,,,,,,,,,,,,,,,
114,GUANTES M/ TOLSEN T/ RESISTENTES AL CORTE NIVEL 5 T/ INDUSTRIAL T/ 9 ,45040,81.83,,,,,,,,,,,,,,,,,,,,,,
115,GUANTES M/ TOLSEN T/ RESISTENTES AL CORTE NIVEL 5 T/ INDUSTRIAL T/ 10 ,45041,81.83,,,,,,,,,,,,,,,,,,,,,,
116,GUANTES M/ TOLSEN P/ MECANICO C/ NEGRO T/ XL ,45047,272.98,,,,,,,,,,,,,,,,,,,,,,
117,LENTES D/ SEGURIDAD M/ TOLSEN C/ TRANSPARENTE ,45071,33.45,,,,,,,,,,,,,,,,,,,,,,
118,LENTES D/ SEGURIDAD M/ TOLSEN C/ TRANSPARENTE ,45072,38.23,,,,,,,,,,,,,,,,,,,,,,
119,LENTES D/ SEGURIDAD M/ TOLSEN C/ NEGRO ,45073,40.02,,,,,,,,,,,,,,,,,,,,,,
120,PROTECTOR D/ OÍDO M/ TOLSEN ,45081,3.58,,,,,,,,,,,,,,,,,,,,,,
121,CARETA P/ SOLDAR M/ TOLSEN D/ 108 X 50 X 3MM ,45086,123.65,,,,,,,,,,,,,,,,,,,,,,
122,CHALECO REFLECTIVO M/ TOLSEN C/ AMARILLO T/ XL ,45093,62.72,,,,,,,,,,,,,,,,,,,,,,
123,CHALECO REFLECTIVO M/ TOLSEN C/ AMARILLO T/ XXL ,45094,62.72,,,,,,,,,,,,,,,,,,,,,,
124,CAPOTE M/ TOLSEN D/ 1 PCS T/ M ,45096,167.85,,,,,,,,,,,,,,,,,,,,,,
125,CAPOTE M/ TOLSEN D/ 1 PCS T/ L ,45097,167.85,,,,,,,,,,,,,,,,,,,,,,
126,CAPOTE M/ TOLSEN D/ 1 PCS T/ XL ,45098,167.85,,,,,,,,,,,,,,,,,,,,,,
127,CHALECO REFLECTIVO M/ TOLSEN C/ AMARILLO T/ S ,45102,62.72,,,,,,,,,,,,,,,,,,,,,,
128,PROTECTOR M/ TOLSEN P/ RODILLAS ,45106,188.16,,,,,,,,,,,,,,,,,,,,,,
129,CHALECO REFLECTIVO M/ TOLSEN C/ ROJO T/ L ,45110,62.72,,,,,,,,,,,,,,,,,,,,,,
130,CASCO M/ TOLSEN D/ SEGURIDAD C/ AMARILLO ,45188,103.34,,,,,,,,,,,,,,,,,,,,,,
131,CASCO M/ TOLSEN D/ SEGURIDAD C/ AZUL ,45189,103.34,,,,,,,,,,,,,,,,,,,,,,
132,CASCO M/ TOLSEN D/ SEGURIDAD C/ ROJO ,45190,103.34,,,,,,,,,,,,,,,,,,,,,,
133,CASCO M/ TOLSEN D/ SEGURIDAD C/ BLANCO ,45191,103.34,,,,,,,,,,,,,,,,,,,,,,
134,ARNES M/ TOLSEN D/ CUERPO COMPLETO ,45261,286.72,,,,,,,,,,,,,,,,,,,,,,
135,ARNES M/ TOLSEN D/ CUERPO COMPLETO C/ ANILLOS LATERALES ,45266,451.58,,,,,,,,,,,,,,,,,,,,,,
136,CORDONES M/ TOLSEN P/ HERRAMIENTAS D/ 1.8MTS ,45271,305.23,,,,,,,,,,,,,,,,,,,,,,
137,LINEAS D/ VIDA M/ TOLSEN C/ ABSORBEDOR D/ IMPACTO D/ 2MTS ,45276,393.64,,,,,,,,,,,,,,,,,,,,,,
138,"DISPENSADOR D/ TAPE M/ TOLSEN D/ 2"" ",50000,100.35,,,,,,,,,,,,,,,,,,,,,,
139,DESTAPACAÑOS M/ TOLSEN D/ 9MM X 10 MTS ,50102,255.06,,,,,,,,,,,,,,,,,,,,,,
140,"MASKING TAPE M/ TOLSEN D/ 3/4"" X 30MTS ",50244,22.10,,,,,,,,,,,,,,,,,,,,,,
141,"MASKING TAPE M/ TOLSEN D/ 1"" X 30MTS ",50245,15.53,,,,,,,,,,,,,,,,,,,,,,
142,"MASKING TAPE M/ TOLSEN D/ 1 1/2"" X 30MTS ",50246",22.10,,,,,,,,,,,,,,,,,,,,,,
143,"MASKING TAPE M/ TOLSEN D/ 2"" X 30MTS ",50248,29.27,,,,,,,,,,,,,,,,,,,,,,
144,CANDADO M/ TOLSEN T/ LARGO T/ INDUSTRIAL C/ AMARILLO D/ 40MM ,55109,100.35,,,,,,,,,,,,,,,,,,,,,,
145,BOMBA D/ FUMIGAR M/ TOLSEN T/ BOTE D/ 5 LTS ,57292,250.28,,,,,,,,,,,,,,,,,,,,,,
146,LINTERNA M/ TOLSEN P/ CABEZA D/ 7 LEDS D/ 3 FUNCIONES 50 LUMENES ,60011,78.25,,,,,,,,,,,,,,,,,,,,,,
147,LINTERNA M/ TOLSEN D/ MANO T/ LED D/ 3V 12 LUMENES ,60020,44.80,,,,,,,,,,,,,,,,,,,,,,
148,LINTERNA M/ TOLSEN D/ MANO T/ LED D/ 3V 30 LUMENES ,60021,60.93,,,,,,,,,,,,,,,,,,,,,,
149,LINTERNA M/ TOLSEN D/ MANO T/ INDUSTRIAL T/ LED D/ 4.5V 150 LUMENES ,60033,204.28,,,,,,,,,,,,,,,,,,,,,,
150,LINTERNA M/ TOLEN D/ MANO T/ INDUSTRIAL T/ LED D/ 4.5V 550 LUMENES ,60035,409.17,,,,,,,,,,,,,,,,,,,,,,
151,FAJA SUJETADORA M/ TOLSEN D/ 38MM X 6MTS  ,62261,239.53,,,,,,,,,,,,,,,,,,,,,,
152,"EXTRACTOR D/ POLEAS M/ TOLSEN D/ 2 AGARRES D/ 4"" ",65001,91.39,,,,,,,,,,,,,,,,,,,,,,
153,"EXTRACTOR D/ POLEAS M/ TOLSEN D/ 6"" ",65012,180.39,,,,,,,,,,,,,,,,,,,,,,
154,"EXTRACTOR D/ POLEAS M/ TOLSEN D/ 8"" ",65013,295.67,,,,,,,,,,,,,,,,,,,,,,
155,ENGRASADORA M/ TOLSEN D/ 500G ,65200,293.88,,,,,,,,,,,,,,,,,,,,,,
156,ENGRASADORA M/ TOLSEN MANUAL T/ BARRIL D/ 16 KGS ,65210,"1,223.32",,,,,,,,,,,,,,,,,,,,,,
157,"JUEGO D/ EMBUDOS M/ TOLSEN D/ 4PCS D/ 2"" - 3"" - 4"" -5"" ",65228,19.77,,,,,,,,,,,,,,,,,,,,,,
158,JACK HIDRAULICO M/ TOLSEN D/ 6T ,65406,586.57,,,,,,,,,,,,,,,,,,,,,,
159,BOMBA D/ AIRE M/ TOLSEN ,65501,100.35,,,,,,,,,,,,,,,,,,,,,,
160,LINTERNA M/ TOLSEN T/ LED T/ FLEXIBLE C/ IMAN ,66011,137.98,,,,,,,,,,,,,,,,,,,,,,
161,"BROCA M/ TOLSEN P/ HIERRO HSS/M35 ASME B.94.11M D/ COBALTO D/ 2 PCS D/ 1/8"" ",75204,24.19,,,,,,,,,,,,,,,,,,,,,,
162,"BROCA M/ TOLSEN P/ HIERRO HSS/M35 ASME B.94.11M D/ COBALTO D/ 13/64"" ",75209,30.22,,,,,,,,,,,,,,,,,,,,,,
163,"BROCA M/ TOLSEN P/ HIERRO HSS/M35 ASME B.94.11M D/ COBALTO D/ 1/4"" ",75212,40.98,,,,,,,,,,,,,,,,,,,,,,
164,"BROCA M/ TOLSEN P/ CONCRETO T/ SDS -PLUS D/ 10MM X 310MM ( 3/8"") ",75386,34.64,,,,,,,,,,,,,,,,,,,,,,
165,"BROCA M/ TOLSEN P/ CONCRETO T/ SDS -PLUS D/ 12MM X 310MM ( 1/2"") ",75388,36.44,,,,,,,,,,,,,,,,,,,,,,
166,PUNTERO M/ TOLSEN T/ SDS PLUS D/ 14 X 250MM ,75440,33.27,,,,,,,,,,,,,,,,,,,,,,
167,BROCA M/ TOLSEN P/ CONCRETO DIN 8039 D/ 10MM X 120MM ,75465,16.07,,,,,,,,,,,,,,,,,,,,,,
168,SACABOCADO M/ TOLSEN P/ HIERRO D/ 32MM ,75732,75.86,,,,,,,,,,,,,,,,,,,,,,
169,SACABOCADO M/ TOLSEN P/ HIERRO D/ 51MM ,75751,115.88,,,,,,,,,,,,,,,,,,,,,,
170,JUEGO D/ BROCAS M/ TOLSEN P/ SACABOCADOS D/ METAL D/ 9 PCS ,75861,781.30,,,,,,,,,,,,,,,,,,,,,,
171,JUEGO D/ BROCAS M/ TOLSEN P/ INSTALAR LLAVINES D/ 3 PCS ,75868,72.28,,,,,,,,,,,,,,,,,,,,,,
172,BROCA M/ TOLSEN P/ HIERRO T/ PIRAMIDE D/ TITANIUM D/  4 -12 MM X 2MM ,75871,82.43,,,,,,,,,,,,,,,,,,,,,,
173,BROCA M/ TOLSEN P/ HIERRO T/ PIRAMIDE D/ TITANIUM D/  4 -20 MM X 2MM ,75872,123.65,,,,,,,,,,,,,,,,,,,,,,
174,BROCA M/ TOLSEN P/ HIERRO T/ PIRAMIDE D/ TITANIUM D/  4 -32 MM X 2MM ,75873,244.90,,,,,,,,,,,,,,,,,,,,,,
175,JUEGO D/ BROCAS M/ TOLSEN P/ HIERRO T/ PIRAMIDE D/ TITANIUM D/ 5PCS ,75879,791.45,,,,,,,,,,,,,,,,,,,,,,
176,"DISCO M/ TOLSEN P/ CORTAR HIERRO D/ 1.6MM X 7/8"" X 7"" ",76105,32.88,,,,,,,,,,,,,,,,,,,,,,
177,"DISCO M/ TOLSEN P/ CORTAR HIERRO D/ 1.0MM X 7/8"" X 4 1/2"" ",76132,11.95,,,,,,,,,,,,,,,,,,,,,,
178,"CEPILLO D/ ALAMBRE M/ TOLSEN T/ INDUSTRIAL P/ TALADRO D/ 1"" - 24MM ",77546,20.91,,,,,,,,,,,,,,,,,,,,,,
179,"CUBO M/ TOLSEN P/ TALADRO C/ IMAN D/ 1/4"" X 5/16"" JUEGO D/ 3PCS ",77831,36.44,,,,,,,,,,,,,,,,,,,,,,
180,"CUBO M/ TOLSEN P/ TALADRO C/ IMAN D/ 3/8"" X 1/4"" ",77832,37.63,,,,,,,,,,,,,,,,,,,,,,
181,"PORTA PUNTAS M/ TOLSEN D/ 1/4"" 77861",26.28,,,,,,,,,,,,,,,,,,,,,,
182,"ADAPTADOR M/ TOLSEN P/ PUNTAS C/ SEGURO RAPIDO D/ 1/4"" X 60MM ",77863,59.73,,,,,,,,,,,,,,,,,,,,,,
183,"ADAPTADOR M/ TOLSEN P/ TALADRO D/ 1/4"" - 3/8"" - 1/2"" ",77864,40.62,,,,,,,,,,,,,,,,,,,,,,
184,"MANDRIL M/ TOLSEN P/ TALADRO C/ LLAVE D/ 1/2"" ",79161,87.81,,,,,,,,,,,,,,,,,,,,,,
185,"MANDRIL M/ TOLSEN P/ TALADRO S/ LLAVE D/ 3/8"" ",79170,69.29,,,,,,,,,,,,,,,,,,,,,,
186,"MANDRIL M/ TOLSEN P/ TALADRO S/ LLAVE D/ 1/2"" ",79171,97.36,,,,,,,,,,,,,,,,,,,,,,
187,"LLAVE M/ TOLSEN P/ MANDRIL D/ 3/8"" ",79180,17.32,,,,,,,,,,,,,,,,,,,,,,
188,"LLAVE M/ TOLSEN P/ MANDRIL D/ 1/2"" ",79181,22.10,,,,,,,,,,,,,,,,,,,,,,
189,LIJADORA ORBITRAL M/ TOLSEN D/ 120V 2A ,79761,917.49,,,,,,,,,,,,,,,,,,,,,,
190,"LIJADORA M/ TOLSEN D/ 120V 2A 1/4"" ",79762,765.77,,,,,,,,,,,,,,,,,,,,,,
191,BOMBA PEREFERICA M/ TOLSEN D/ 3A 350W 1/2 HP ,79845,"1,051.89",,,,,,,,,,,,,,,,,,,,,,
192,BOMBA JET M/ TOLSEN D/ 8A 750W 1 HP ,79847,"2,647.93",,,,,,,,,,,,,,,,,,,,,,
193,CAJA P/ HERRAMIENTAS M/ TOLSEN METALICA D/ 495 X 200 X 290MM ,80212,746.65,,,,,,,,,,,,,,,,,,,,,,
194,ESTANTE GALVANIZADA DE 5 NIVELES DE 50 KG CADA NIVEL  ,83071,801.01,,,,,,,,,,,,,,,,,,,,,,
195,JUEGO D/ HERRAMIENTAS MANUALES M/ TOLSEN D/ 9 PCS ,85301,448.59,,,,,,,,,,,,,,,,,,,,,,
196,JUEGO D/ LLAVE TORX M/ TOLSEN D/ 8 PCS ,20069,75.86,,,,,,,,,,,,,,,,,,,,,,
197,MARTILLO M/ TOLSEN P/ CARPINTERO M/ FIBRA D/ 20 OZ - 560 G ,25031,130.81,,,,,,,,,,,,,,,,,,,,,,
198,MARTILLO M/ TOLSEN D/ HULE T/ INDISTRIAL D/ 8 OZ - 225 G ,25033,61.52,,,,,,,,,,,,,,,,,,,,,,
199,MARTILLO M/ TOLSEN D/ HULE T/ INDISTRIAL D/ 16 OZ - 450 G ,25035,78.85,,,,,,,,,,,,,,,,,,,,,,
200,HACHA M/ TOLSEN M/ FIBRA D/ 600 G 25053,164.86,,,,,,,,,,,,,,,,,,,,,,
201,PUNTERO M/ TOLSEN C/ PROTECTOR D/ 4 X 18 X 300 MM ,25085,72.87,,,,,,,,,,,,,,,,,,,,,,
202,CINCEL M/ TOLSEN C/ PROTECTOR D/ 22 X 16 X 250 MM ,25086,59.73,,,,,,,,,,,,,,,,,,,,,,
203,CINCEL M/ TOLSEN C/ PROTECTOR D/ 24 X 18 X 300 MM ,25089,72.87,,,,,,,,,,,,,,,,,,,,,,
204,MARTILLO M/ TOLSEN P/ CARPINTERO M/ MADERA D/ 29MM 16OZ 450G ,25150,113.49,,,,,,,,,,,,,,,,,,,,,,
205,MARTILLO M/ TOLSEN D/ HULE T/ INDISTRIAL D/ 8 OZ - 225 G ,25173,75.86,,,,,,,,,,,,,,,,,,,,,,
206,HACHA M/ TOLSEN M/ MADERA D/ 600G ,25253,144.55,,,,,,,,,,,,,,,,,,,,,,
207,HACHA M/ TOLSEN M/ MADERA D/ 800G ,25254,161.87,,,,,,,,,,,,,,,,,,,,,,
208,"MARCO D/ SEGUETA M/ TOLSEN T/ AJUSTABLE C/ SEGUETA D/ 8"" - 12"" ",30056,78.25,,,,,,,,,,,,,,,,,,,,,,
209,BOTA D/ HULE M/ TOLSEN C/ CUBO D/ HIERRO T/ 40 ,45115,315.39,,,,,,,,,,,,,,,,,,,,,,
210,BOTA D/ HULE M/ TOLSEN C/ CUBO D/ HIERRO T/ 41 ,45116,315.39,,,,,,,,,,,,,,,,,,,,,,
211,BOTA D/ HULE M/ TOLSEN C/ CUBO D/ HIERRO T/ 42 ,45117,315.39,,,,,,,,,,,,,,,,,,,,,,
212,BOTA D/ HULE M/ TOLSEN C/ CUBO D/ HIERRO T/ 43 ,45118,315.39,,,,,,,,,,,,,,,,,,,,,,
213,BOTA D/ HULE M/ TOLSEN C/ CUBO D/ HIERRO T/ 44 ,45119,315.39,,,,,,,,,,,,,,,,,,,,,,
214,SET P/ PINTAR M/ TOLSEN D/ 3PCS ,40088,89.60,,,,,,,,,,,,,,,,,,,,,,
215,BOMBA D/ FUMIGAR M/ TOLSEN T/ BOTE D/ 5 LTS ,57292,250.28,,,,,,,,,,,,,,,,,,,,,,
















































































































































































































































































































































































































































































































































































































































































































































































































